doi,affiliation,affid,country,year,Region,weight
10.1186/s13643-017-0465-z,Texas A&M University,60020547,United States,2017,NORTHERN AMERICA,0.0714285714285714
10.1093/ije/dyw319,Imperial College London,60015150,United Kingdom,2017,WESTERN EUROPE,0.111111111111111
10.1016/j.gaitpost.2017.08.024,Monash University,60019578,Australia,2017,OCEANIA,0.0909090909090909
10.1371/journal.pone.0167201,University Hospital Centre Tirana,60072132,Albania,2016,EASTERN EUROPE,0.2
10.1001/jamapsychiatry.2015.2923,King's College London,60011520,United Kingdom,2016,WESTERN EUROPE,0.0625
10.1542/peds.2015-3087,University of Pennsylvania,60006297,United States,2016,NORTHERN AMERICA,0.142857142857143
10.1159/000464324,Charité – Universitätsmedizin Berlin,60026245,Germany,2017,WESTERN EUROPE,0.0833333333333333
10.1038/srep31724,University of Michigan, Ann Arbor,60025778,United States,2016,NORTHERN AMERICA,0.166666666666667
10.2147/NDT.S109637,Hospital "G. Mazzini",111455158,Italy,2016,WESTERN EUROPE,0.0909090909090909
10.1038/s41598-017-12175-z,University of Warwick,60000064,United Kingdom,2017,WESTERN EUROPE,0.142857142857143
10.3389/fphys.2017.00583,Centre for Health and Integrative Physiology in Space,119099177,Germany,2017,WESTERN EUROPE,0.142857142857143
10.1017/S204017441600074X,University of Edinburgh,60027272,United Kingdom,2017,WESTERN EUROPE,0.5
10.1161/STROKEAHA.116.013977,Jia-Yi Clinic,117952159,Taiwan,2017,ASIA (EX. NEAR EAST),0.25
10.1053/j.ajkd.2016.07.033,Shanxi Medical University,60000338,China,2017,ASIA (EX. NEAR EAST),0.25
10.3109/02703181.2015.1128509,Walsh University,60087812,United States,2016,NORTHERN AMERICA,1
10.1136/bjsports-2016-096618,Aarhus University,60029616,Denmark,2017,WESTERN EUROPE,0.25
10.1136/bjsports-2016-097385,James Cook University, Australia,60019870,Australia,2017,OCEANIA,0.0714285714285714
10.1111/jocn.13178,Heart Research Centre,112825884,Australia,2016,OCEANIA,0.2
10.1186/s13643-017-0471-1,University of Saskatchewan,60015186,Canada,2017,NORTHERN AMERICA,0.5
10.1016/j.conctc.2017.10.005,Brigham and Women's Hospital,60016782,United States,2017,NORTHERN AMERICA,0.166666666666667
10.1371/journal.pone.0173521,Istituto di Fisiologia Clinica del CNR,60009071,Italy,2017,WESTERN EUROPE,0.125
10.1371/journal.pone.0170996,Postgraduate Institute of Medical Education & Research,60000137,India,2017,ASIA (EX. NEAR EAST),0.5
10.1177/0017896916657843,Cardiff University,60023998,United Kingdom,2017,WESTERN EUROPE,0.142857142857143
10.2217/pgs-2017-0027,Goethe-Universität Frankfurt am Main,60007762,Germany,2017,WESTERN EUROPE,0.111111111111111
10.2196/jmir.7814,Indiana University - Purdue University Indianapolis,60024609,United States,2017,NORTHERN AMERICA,0.125
10.3233/JAD-160366,Canarian Foundation for Health Research (FUNCANIS),117780503,Spain,2017,WESTERN EUROPE,0.0833333333333333
10.1016/j.ypmed.2016.03.025,University of Porto,60007249,Portugal,2016,WESTERN EUROPE,0.333333333333333
10.3945/ajcn.116.150995,Karolinska Institutet,60019295,Sweden,2017,WESTERN EUROPE,0.125
10.3390/brainsci7050045,University of Warwick,60000064,United Kingdom,2017,WESTERN EUROPE,0.5
10.1080/13697137.2017.1384952,Shandong Provincial Hospital,60002045,China,2017,ASIA (EX. NEAR EAST),0.5
10.1097/TP.0000000000001155,Western University,60010884,Canada,2017,NORTHERN AMERICA,0.111111111111111
10.1080/17461391.2017.1306114,Federation University Australia,60010859,Australia,2017,OCEANIA,0.0833333333333333
10.1186/s12891-017-1897-2,St. Jude Medical Center,60029995,United States,2017,NORTHERN AMERICA,0.25
10.1186/s12874-016-0136-0,Columbia University,60027565,United States,2016,NORTHERN AMERICA,0.2
10.1016/j.euf.2016.06.009,University of Zurich,60012614,Switzerland,2017,WESTERN EUROPE,0.111111111111111
10.1016/j.humimm.2016.09.011,Wannan Medical College,60025244,China,2016,ASIA (EX. NEAR EAST),0.5
10.1017/S1368980016002603,University of Pennsylvania,60006297,United States,2017,NORTHERN AMERICA,0.5
10.1007/s40259-016-0207-0,Pfizer Inc.,60006989,United States,2017,NORTHERN AMERICA,0.25
10.1007/s00432-017-2391-9,Central South University,60017060,China,2017,ASIA (EX. NEAR EAST),0.5
10.1111/iej.12723,University of Montreal,60009507,Canada,2017,NORTHERN AMERICA,0.333333333333333
10.1001/jama.2017.7967,Flinders University,60020828,Australia,2017,OCEANIA,0.0625
10.1038/sc.2016.135,University of Oxford,60026851,United Kingdom,2017,WESTERN EUROPE,0.5
10.1097/PHM.0000000000000747,University of Toronto,60016849,Canada,2017,NORTHERN AMERICA,0.5
10.1111/dme.13281,Health Service Executive Ireland,60019703,Ireland,2017,WESTERN EUROPE,0.25
10.1007/s10461-016-1605-5,McGill University,60002494,Canada,2017,NORTHERN AMERICA,0.25
10.1016/j.ijcard.2016.02.090,Istituto Neurologico Mediterraneo Neuromed, Pozzilli,60023773,Italy,2016,WESTERN EUROPE,0.142857142857143
10.1097/IGC.0000000000000731,University of North Carolina, Chapel Hill,60025111,United States,2016,NORTHERN AMERICA,0.333333333333333
10.1097/MIB.0000000000001198,Leeds Beckett University,60032773,United Kingdom,2017,WESTERN EUROPE,0.333333333333333
10.1111/odi.12402,D.A.P.M.R.V. Dental College,111215145,India,2016,ASIA (EX. NEAR EAST),0.0714285714285714
10.1177/0148607116657541,University of Pennsylvania,60023009,United States,2017,NORTHERN AMERICA,0.25
10.1111/clr.12531,RWTH Aachen University,60001097,Germany,2016,WESTERN EUROPE,1
10.1002/jso.24701,Mansoura University,60007226,Egypt,2017,NORTHERN AFRICA,0.125
10.1371/journal.pone.0168330,Dalhousie University,60015913,Canada,2016,NORTHERN AMERICA,0.25
10.1016/j.envint.2016.01.020,CIBER of Epidemiology and Public Health (CIBERESP),107093350,Spain,2016,WESTERN EUROPE,0.25
10.1161/CIRCHEARTFAILURE.116.003529,University of Groningen,60010023,Netherlands,2017,WESTERN EUROPE,0.166666666666667
10.1177/1534734617739195,Polyclinique,119946024,France,2017,WESTERN EUROPE,0.333333333333333
10.1186/s40697-016-0111-z,Institute for Clinical Evaluative Sciences,60017829,Canada,2016,NORTHERN AMERICA,0.25
10.1016/j.jpain.2016.04.005,Universiteit Ghent, Faculteit Geneeskunde en Gezondheidswetenschappen,60002614,Belgium,2016,WESTERN EUROPE,0.2
10.1016/j.bjps.2017.07.015,Mayo Clinic,60005558,United States,2017,NORTHERN AMERICA,0.333333333333333
10.1038/srep40185,Hubei University of Medicine,60019043,China,2017,ASIA (EX. NEAR EAST),0.5
10.1136/bmjopen-2016-011749,Stellenbosch University,60001565,South Africa,2016,SUB-SAHARAN AFRICA,0.2
10.1123/jpah.2016-0218,Universidad de Granada, Facultad de Medicina,60003487,Spain,2017,WESTERN EUROPE,0.25
10.1007/s00404-015-3782-2,Universidade de Coimbra,60020985,Portugal,2016,WESTERN EUROPE,0.166666666666667
10.1177/1203475415616073,University of British Columbia,60010365,Canada,2016,NORTHERN AMERICA,0.0833333333333333
10.1038/ijo.2016.140,University of Queensland,60031004,Australia,2016,OCEANIA,1
10.1186/s13643-016-0402-6,Université Laval,60032619,Canada,2017,NORTHERN AMERICA,0.333333333333333
10.1097/DCC.0000000000000192,University of Oklahoma,60029833,United States,2016,NORTHERN AMERICA,0.333333333333333
10.1111/dmcn.13342,Children's Hospital Columbus,60000076,United States,2017,NORTHERN AMERICA,0.5
10.1007/s40273-016-0456-2,Universiti Sains Malaysia,60000906,Malaysia,2017,ASIA (EX. NEAR EAST),0.2
10.1016/j.clgc.2017.02.003,VCU,60010966,United States,2017,NORTHERN AMERICA,0.25
10.1186/s13643-016-0402-6,National Yang-Ming University Taiwan,60069716,Taiwan,2017,ASIA (EX. NEAR EAST),0.333333333333333
10.1016/j.geoderma.2016.11.004,Griffith University,60032987,Australia,2017,OCEANIA,0.2
10.1016/j.annepidem.2016.09.005,Qingdao University,60026038,China,2016,ASIA (EX. NEAR EAST),1
10.1016/j.schres.2016.10.009,Institut Universitaire en Sante Mentale,60009441,Canada,2017,NORTHERN AMERICA,0.25
10.3389/fmicb.2017.00025,Drug Applied Research Center, Tabriz University of Medical Sciences,60109967,Iran,2017,ASIA (EX. NEAR EAST),0.333333333333333
10.1136/bmjopen-2017-016716,Kitasato University,60002391,Japan,2017,ASIA (EX. NEAR EAST),0.2
10.1111/hel.12389,HanYang University,60029985,South Korea,2017,ASIA (EX. NEAR EAST),0.25
10.1001/jamapediatrics.2016.1626,National Institute of Child Health and Human Development,60017777,United States,2016,NORTHERN AMERICA,0.5
10.1155/2016/1024709,Universidad San Sebastian,60000636,Chile,2016,LATIN AMER. & CARIB,0.142857142857143
10.1016/j.ajog.2017.06.019,University of South Florida, Tampa,60007740,United States,2017,NORTHERN AMERICA,0.166666666666667
10.1186/s12891-016-1112-x,Närhälsan Research and Development Primary Health Care,114322475,Sweden,2016,WESTERN EUROPE,0.333333333333333
10.1590/1806-9282.63.07.656,Universidade do Extremo Sul Catarinense,60010253,Brazil,2017,LATIN AMER. & CARIB,0.25
10.1002/ca.22956,St. George's University Grenada,60072869,Grenada,2017,LATIN AMER. & CARIB,0.142857142857143
10.1111/cid.12370,San Rocco Clinical Institute,101606644,Italy,2016,WESTERN EUROPE,0.5
10.1097/MD.0000000000003986,Rush University,60018691,United States,2016,NORTHERN AMERICA,0.1
10.1016/j.pnpbp.2017.06.023,WinShine Clinics in Specialty of Psychiatry,118816488,Taiwan,2017,ASIA (EX. NEAR EAST),0.0555555555555556
10.1002/cre2.16,University of Texas Health Science Center, San Antonio,60018573,United States,2016,NORTHERN AMERICA,0.5
10.1371/journal.pone.0172631,Chongqing Medical University,60020870,China,2017,ASIA (EX. NEAR EAST),1
10.1136/bmj.i157,University of Toronto,60016849,Canada,2016,NORTHERN AMERICA,0.0526315789473684
10.1089/lap.2017.0022,Chongqing Medical University,60020870,China,2017,ASIA (EX. NEAR EAST),0.333333333333333
10.1016/j.jpainsymman.2017.04.008,Guy's and St Thomas' NHS Foundation Trust,60005518,UK,2017,WESTERN EUROPE,0.166666666666667
10.1177/0898264315614008,Boston University,60019674,United States,2016,NORTHERN AMERICA,0.5
10.1192/bjp.bp.115.177139,Bondi Centre,109604046,Australia,2017,OCEANIA,0.111111111111111
10.1093/ejo/cjw045,NA,108662855,Greece,2017,WESTERN EUROPE,0.25
10.4103/0971-9784.191576,University of Pennsylvania,60023009,United States,2016,NORTHERN AMERICA,0.142857142857143
10.1016/j.surge.2016.01.001,Royal College of Surgeons in Ireland,60000050,Ireland,2017,WESTERN EUROPE,0.5
10.1590/0103-6440201600980,IMED, Passo Fundo,60111064,Brazil,2016,LATIN AMER. & CARIB,0.333333333333333
10.1186/s12955-016-0515-6,Tufts University,60001344,United States,2016,NORTHERN AMERICA,0.333333333333333
10.1136/archdischild-2015-309410,University of Montreal,60009507,Canada,2016,NORTHERN AMERICA,0.25
10.1007/s10741-016-9587-y,Emory University,60000928,United States,2017,NORTHERN AMERICA,0.2
10.1136/heartasia-2017-010916,Prince of Wales Hospital,60001801,Australia,2017,OCEANIA,0.111111111111111
10.1038/s41598-017-07506-z,Soonchunhyang University,60023859,South Korea,2017,ASIA (EX. NEAR EAST),0.333333333333333
10.1371/journal.pone.0150076,Hôpital de Bicetre,60013430,France,2016,WESTERN EUROPE,0.2
10.1007/s11695-016-2444-1,University Hospital of Larissa,60011038,Greece,2017,WESTERN EUROPE,0.5
10.1016/j.ejso.2016.02.259,Maxima Medical Center, Veldhoven,60070238,Netherlands,2016,WESTERN EUROPE,0.1
10.1177/1545968317740635,University of British Columbia,60010365,Canada,2017,NORTHERN AMERICA,0.0833333333333333
10.1016/j.eururo.2017.02.026,University of Coimbra,60019112,Portugal,2017,WESTERN EUROPE,0.0416666666666667
10.1016/j.bbmt.2015.12.004,American University of Beirut Medical Center,60068762,Lebanon,2016,NEAR EAST,0.2
10.1002/oby.21784,University of Alberta,60030835,Canada,2017,NORTHERN AMERICA,0.5
10.1016/j.ijom.2017.01.012,National University Hospital, Singapore,60031325,Singapore,2017,ASIA (EX. NEAR EAST),0.5
10.1093/nutrit/nuw005,Imperial College London,60015150,United Kingdom,2016,WESTERN EUROPE,0.0333333333333333
10.1177/1756287217731449,Università degli Studi di Milano,60030318,Italy,2017,WESTERN EUROPE,0.25
10.1177/003335491613100114,Virginia Commonwealth University,60002476,United States,2016,NORTHERN AMERICA,0.142857142857143
10.1016/j.jcmg.2016.10.023,Etisan,118420521,Italy,2017,WESTERN EUROPE,0.0714285714285714
10.1080/02640414.2016.1221524,University of Essex,60001359,United Kingdom,2017,WESTERN EUROPE,0.333333333333333
10.1016/j.atherosclerosis.2017.06.353,Université de Genève Faculté de Médecine,60026405,Switzerland,2017,WESTERN EUROPE,0.333333333333333
10.1111/jgs.14860,VA New York Harbor Healthcare,112912153,United States,2017,NORTHERN AMERICA,0.166666666666667
10.1371/journal.pone.0153496,Obafemi Awolowo University,60110453,Nigeria,2016,SUB-SAHARAN AFRICA,0.2
10.1111/1471-0528.14143,PATH Seattle,60028934,United States,2017,NORTHERN AMERICA,0.0357142857142857
10.1016/j.genhosppsych.2015.11.008,South London and Maudsley NHS Foundation Trust,60028884,UK,2016,WESTERN EUROPE,0.166666666666667
10.1136/annrheumdis-2017-211472,University of Alabama, Birmingham,60027086,United States,2017,NORTHERN AMERICA,0.142857142857143
10.1186/s13643-017-0500-0,University of São Paulo,60008088,Brazil,2017,LATIN AMER. & CARIB,0.142857142857143
10.1007/s10103-016-2001-0,Tel Aviv University, Sackler,60005037,Israel,2016,NEAR EAST,0.5
10.1016/j.pec.2017.03.010,University College Dublin,60005141,Ireland,2017,WESTERN EUROPE,0.333333333333333
10.2106/JBJS.15.00933,University of Utah,60024978,United States,2016,NORTHERN AMERICA,0.333333333333333
10.1186/s12889-017-4550-y,University College London,60022148,United Kingdom,2017,WESTERN EUROPE,0.5
10.1002/brb3.489,Universität zu Lübeck,60012408,Germany,2016,WESTERN EUROPE,0.5
10.7448/IAS.20.1.21930,National Pediatric Hospital,100521610,Cambodia,2017,ASIA (EX. NEAR EAST),0.0625
10.1038/srep38521,Shenyang Pharmaceutical University,60007269,China,2016,ASIA (EX. NEAR EAST),0.5
10.1016/j.critrevonc.2017.08.006,Santa Maria Hospital, Lisbon,60021007,Portugal,2017,WESTERN EUROPE,0.166666666666667
10.1007/s40279-016-0561-6,Deakin University,60018805,Australia,2017,OCEANIA,0.5
10.1177/1060028017712725,JPS Health Network,60032126,United States,2017,NORTHERN AMERICA,0.166666666666667
10.1016/j.jdent.2017.04.001,Anhui Medical University,60014454,China,2017,ASIA (EX. NEAR EAST),0.333333333333333
10.1155/2017/7073401,Johns Hopkins University,60001555,United States,2017,NORTHERN AMERICA,0.25
10.3233/NRE-161388,Rehabilitation Center Acquired Brain Injuries Turnhout,118211618,Belgium,2017,WESTERN EUROPE,0.5
10.12669/pjms.325.9922,Istanbul Aydin Üniversitesi,60104503,Turkey,2016,NEAR EAST,0.5
10.1371/journal.pone.0182081,Heinrich Heine University Düsseldorf,60025310,Germany,2017,WESTERN EUROPE,0.166666666666667
10.1080/08927936.2016.1189747,University of Manitoba,60009697,Canada,2016,NORTHERN AMERICA,1
10.1016/j.jad.2015.12.029,Monash University,60018894,Australia,2016,OCEANIA,0.2
10.1016/j.bbmt.2016.02.021,University of Washington,60028548,United States,2016,NORTHERN AMERICA,0.333333333333333
10.1016/j.joca.2015.09.004,NIHR Leeds Musculoskeletal Biomedical Research Unit,108332116,United Kingdom,2016,WESTERN EUROPE,0.125
10.1111/clr.12687,University of Southern California,60029311,United States,2016,NORTHERN AMERICA,0.333333333333333
10.2174/0929867323666161007155310,University of Perugia,60003003,Italy,2016,WESTERN EUROPE,0.125
10.3390/nu8100641,University of Adelaide,60009512,Australia,2016,OCEANIA,1
10.2196/jmir.5830,University of Arizona,60030859,United States,2016,NORTHERN AMERICA,0.2
10.1097/AOG.0000000000001754,University of Southern California,60029311,United States,2017,NORTHERN AMERICA,1
10.1007/s00402-017-2782-z,Complutense University,60004024,Spain,2017,WESTERN EUROPE,0.333333333333333
10.1016/j.msard.2015.10.004,Dalhousie University,60015913,Canada,2016,NORTHERN AMERICA,0.333333333333333
10.1111/odi.12402,Hebrew University of Jerusalem,60007903,Israel,2016,NEAR EAST,0.0714285714285714
10.1016/j.clon.2016.11.007,Gastrointestinal Tumor Center Zurich (GITZ),117504344,Switzerland,2017,WESTERN EUROPE,0.166666666666667
10.1136/jech-2016-207589,Martin-Universität Halle-Wittenberg,60014059,Germany,2017,WESTERN EUROPE,0.25
10.1016/j.surg.2016.12.028,NovaMed Medical Research Association,117495497,Egypt,2017,NORTHERN AFRICA,0.2
10.1371/journal.pone.0147227,Universidade do Sul de Santa Catarina,60015580,Brazil,2016,LATIN AMER. & CARIB,0.166666666666667
10.1016/j.schres.2016.10.009,University of Pennsylvania,60006297,United States,2017,NORTHERN AMERICA,0.25
10.1378/chest.15-1784,General Hospital of Jinan Military Command,60073564,China,2016,ASIA (EX. NEAR EAST),0.166666666666667
10.1186/s12916-016-0763-7,Università Cattolica del Sacro Cuore, Rome,60031984,Italy,2016,WESTERN EUROPE,0.037037037037037
10.1007/s00464-017-5516-y,Ohio State University,60032497,United States,2017,NORTHERN AMERICA,0.333333333333333
10.1186/s13643-016-0370-x,St George's University of London,60029329,United Kingdom,2016,WESTERN EUROPE,0.166666666666667
10.1016/j.watres.2017.01.017,Stanford University,60012708,United States,2017,NORTHERN AMERICA,0.25
10.1007/s40336-016-0200-0,Instituto de Investigación Biosanitaria ibs.GRANADA,116169807,Spain,2017,WESTERN EUROPE,0.5
10.1136/bmjopen-2016-013443,Swansea University,60004572,United Kingdom,2017,WESTERN EUROPE,0.166666666666667
10.1177/1747493017706189,University of Tor Vergata,60027509,Italy,2017,WESTERN EUROPE,0.2
10.1037/pha0000148,University of Barcelona,60001576,Spain,2017,WESTERN EUROPE,0.0625
10.1002/ccd.26352,Instituto Tecnologico de Santo Domingo,60107280,Dominican Republic,2016,LATIN AMER. & CARIB,0.333333333333333
10.1016/j.critrevonc.2017.03.031,Knooppunt Centre for Health, Baarlo and Venray,118453870,Netherlands,2017,WESTERN EUROPE,0.166666666666667
10.1016/j.urolonc.2017.04.013,Hôpital Foch,60009848,France,2017,WESTERN EUROPE,0.0909090909090909
10.1093/ageing/afw247,University of Toronto,60014468,Canada,2017,NORTHERN AMERICA,0.166666666666667
10.1186/s12966-017-0546-3,Kean University,60012615,United States,2017,NORTHERN AMERICA,0.5
10.1080/20477724.2017.1377974,Global Market Access Solutions LLC,117974775,United States,2017,NORTHERN AMERICA,0.142857142857143
10.1371/journal.pone.0170361,Ilam University of Medical Sciences,60104658,Iran,2017,ASIA (EX. NEAR EAST),0.125
10.1111/bju.13821,University of Melbourne,60005087,Australia,2017,OCEANIA,0.25
10.1136/jnnp-2015-310361,Carol Davila University of Medicine and Pharmacy,60033150,NA,2016,NA,0.25
10.1007/s00134-017-4858-1,CIBER Enfermedades Respiratorias (CIBERES),108213941,Spain,2017,WESTERN EUROPE,0.0434782608695652
10.1111/ggi.12432,Japan Society for the Promotion of Science,60015540,Japan,2016,ASIA (EX. NEAR EAST),0.111111111111111
10.2522/ptj.20160088,VU University Amsterdam,60001997,Netherlands,2017,WESTERN EUROPE,0.25
10.5312/wjo.v7.i9.604,Erasmus University Rotterdam,60032114,Netherlands,2016,WESTERN EUROPE,0.5
10.1007/s40489-017-0111-7,University of Queensland,60031004,Australia,2017,OCEANIA,0.25
10.3109/09638288.2015.1059496,University of Auckland,60005686,New Zealand,2016,OCEANIA,0.5
10.1016/j.euroneuro.2016.11.008,Tsyr-Huey Mental Hospital,106019841,Taiwan,2017,ASIA (EX. NEAR EAST),0.125
10.1016/j.eururo.2016.06.023,Memorial Sloan-Kettering Cancer Center,60009343,United States,2017,NORTHERN AMERICA,0.125
10.1016/j.jad.2016.04.029,University of Chile,60002946,Chile,2016,LATIN AMER. & CARIB,0.2
10.1016/j.arthro.2017.01.055,Houston Methodist Orthopedics and Sports Medicine,101694245,United States,2017,NORTHERN AMERICA,0.125
10.1186/s13643-017-0484-9,University of Pretoria,60021902,South Africa,2017,SUB-SAHARAN AFRICA,0.25
10.1016/j.rmed.2016.05.024,Farhat Hached University,116759960,Tunisia,2016,NORTHERN AFRICA,0.166666666666667
10.1002/lary.26218,Hospital CUF Porto,105913316,Portugal,2017,WESTERN EUROPE,0.2
10.1186/s12890-017-0467-6,Harbin Medical University,60073546,China,2017,ASIA (EX. NEAR EAST),0.05
10.1007/s40279-016-0651-5,NA,114934373,United Kingdom,2017,WESTERN EUROPE,0.333333333333333
10.1007/s00198-016-3607-6,Centre de Recherche du CHU de Québec,113402138,Canada,2016,NORTHERN AMERICA,0.25
10.1192/bjp.bp.115.177139,Schizophrenia Research Unit,112658246,Australia,2017,OCEANIA,0.111111111111111
10.1186/s13643-017-0608-2,Sandwell and West Birmingham Hospitals NHS Trust,60017140,UK,2017,WESTERN EUROPE,0.333333333333333
10.1007/s00228-017-2245-z,University of Pisa,60082061,Italy,2017,WESTERN EUROPE,0.166666666666667
10.1161/STROKEAHA.117.017293,Tianjin Medical University,60011715,China,2017,ASIA (EX. NEAR EAST),0.125
10.1186/s13643-015-0181-5,Instituto Aragones de Ciencias de la Salud, Zaragoza,60103289,Spain,2016,WESTERN EUROPE,0.1
10.7448/IAS.19.1.20711,UniversitätsSpital Bern,60010987,Switzerland,2016,WESTERN EUROPE,0.25
10.21037/gs.2017.04.06,Odense University Hospital,60015591,Denmark,2017,WESTERN EUROPE,1
10.1371/journal.pone.0183910,Medical University of Innsbruck,60008222,Austria,2017,WESTERN EUROPE,0.333333333333333
10.4315/0362-028X.JFP-16-203,Food Safety Principles,112673353,Australia,2016,OCEANIA,0.2
10.1097/NJH.0000000000000248,Academy of Sciences of Palliative Medicine,113064208,Italy,2016,WESTERN EUROPE,0.25
10.1161/HYPERTENSIONAHA.116.08290,CRONICAS Centro de Excelencia en Enfermedades Cronicas,60111424,Peru,2016,LATIN AMER. & CARIB,0.0526315789473684
10.1016/j.ijosm.2017.03.001,University College of Osteopathy,60111699,United Kingdom,2017,WESTERN EUROPE,0.1
10.1038/srep41012,Nanjing Medical University,60069723,China,2017,ASIA (EX. NEAR EAST),1
10.1136/bmjopen-2017-016950,Prince of Wales Hospital,60001801,Australia,2017,OCEANIA,0.0769230769230769
10.1186/s12913-016-1749-z,University of Ottawa,60028897,Canada,2016,NORTHERN AMERICA,0.0714285714285714
10.1016/j.jad.2016.08.026,Chinese University of Hong Kong,60002798,China,2017,ASIA (EX. NEAR EAST),1
10.1007/s11764-015-0481-8,Universitaire de Québec,60079127,Canada,2016,NORTHERN AMERICA,0.25
10.1016/j.cpr.2016.05.007,Karolinska Institute,60012311,Sweden,2016,WESTERN EUROPE,0.2
10.3390/nu9030204,Monash University,60019578,Australia,2017,OCEANIA,0.125
10.1097/ID.0000000000000444,Universidade Federal de Minas Gerais,60030074,Brazil,2016,LATIN AMER. & CARIB,0.5
10.1080/07315724.2016.1209728,Centro Hospitalar de Vila Nova de Gaia,60026373,Portugal,2017,WESTERN EUROPE,0.5
10.1186/s13063-017-1936-1,University of Melbourne,60087944,Australia,2017,OCEANIA,0.25
10.1007/s11914-016-0325-0,South London and Maudsley NHS Foundation Trust,60028884,UK,2016,WESTERN EUROPE,0.2
10.1017/S0950268817000747,Istituto Superiore Di Sanita,60010062,Italy,2017,WESTERN EUROPE,0.0769230769230769
10.1016/j.gaitpost.2017.02.024,National Institutes of Health, Bethesda,60006577,United States,2017,NORTHERN AMERICA,0.333333333333333
10.1016/j.ahj.2017.05.005,Istituto Neurologico Mediterraneo Neuromed, Pozzilli,60023773,Italy,2017,WESTERN EUROPE,0.03125
10.1186/s12874-016-0278-0,Sorbonne Universite,60001422,France,2017,WESTERN EUROPE,0.166666666666667
10.1093/fampra/cmx011,Queen Elizabeth Hospital King's Lynn,60088958,United Kingdom,2017,WESTERN EUROPE,0.2
10.1038/srep40779,Collaborative Innovation Centre of Neuropsychiatric Disorders and Mental Health,117573790,China,2017,ASIA (EX. NEAR EAST),0.5
10.3390/ijerph14040435,Ludwig-Maximilians-Universität München,60028717,Germany,2017,WESTERN EUROPE,0.5
10.1080/10669817.2017.1323607,Duke University,60008724,United States,2017,NORTHERN AMERICA,0.2
10.1016/j.diabres.2016.04.019,City University of New York,60007033,United States,2016,NORTHERN AMERICA,0.2
10.1111/1756-185X.13192,Lanzhou University,60028265,China,2017,ASIA (EX. NEAR EAST),0.166666666666667
10.1371/journal.pone.0149895,UiT The Arctic University of Norway,60021255,Norway,2016,WESTERN EUROPE,0.1
10.1111/dom.12658,Western University,60010884,Canada,2016,NORTHERN AMERICA,0.2
10.1186/s13071-016-1746-4,Istituto Superiore Di Sanita,60010062,Italy,2016,WESTERN EUROPE,0.111111111111111
10.1007/s00482-016-0169-7,Universität Hamburg,60028229,Germany,2016,WESTERN EUROPE,0.2
10.1177/2047487314564729,Nagoya City University,60024705,Japan,2016,ASIA (EX. NEAR EAST),1
10.1016/j.bjpt.2017.04.005,University of New South Wales,60028333,Australia,2017,OCEANIA,0.1
10.1007/s10637-017-0452-1,University Hospital of Siena,107124299,Italy,2017,WESTERN EUROPE,0.2
10.1111/jocn.13328,Universidade Federal de Pelotas,60014598,Brazil,2017,LATIN AMER. & CARIB,0.5
10.1016/j.vaccine.2016.04.016,University of São Paulo,60008088,Brazil,2016,LATIN AMER. & CARIB,1
10.1016/S2468-2667(17)30144-5,Erasmus MC: Sophia Children`s Hospital,60015627,Netherlands,2017,WESTERN EUROPE,0.142857142857143
10.1016/j.jcin.2016.04.014,Humanitas University,60107210,Italy,2016,WESTERN EUROPE,0.125
10.1371/journal.pone.0181156,Universidad Autonoma de Madrid,60022615,Spain,2017,WESTERN EUROPE,0.111111111111111
10.1016/j.ypmed.2017.09.018,Brunel University London,60020623,United Kingdom,2017,WESTERN EUROPE,0.25
10.1007/s10557-017-6743-0,Duke University,60030982,United States,2017,NORTHERN AMERICA,0.0714285714285714
10.1186/s13012-017-0599-3,La Trobe University,60006925,Australia,2017,OCEANIA,0.2
10.1136/bmjopen-2017-016100,Ingham Institute for Applied Medical Research,60111268,Australia,2017,OCEANIA,0.0384615384615385
10.1097/MD.0000000000005684,Chang Gung University,60020351,Taiwan,2017,ASIA (EX. NEAR EAST),0.0769230769230769
10.1007/s12028-016-0305-3,Radboud University,60002573,Netherlands,2016,WESTERN EUROPE,0.166666666666667
10.1186/s12889-016-2880-9,University of Glasgow,60001490,United Kingdom,2016,WESTERN EUROPE,0.5
10.1016/j.jcrc.2017.02.014,University of British Columbia,60010365,Canada,2017,NORTHERN AMERICA,0.166666666666667
10.1016/j.hpb.2016.03.002,University of Sydney,60004437,Australia,2016,OCEANIA,0.5
10.1002/brb3.486,Universitat Witten/Herdecke,60022113,Germany,2016,WESTERN EUROPE,0.333333333333333
10.1016/j.annemergmed.2017.01.009,University of California, San Francisco,60023691,United States,2017,NORTHERN AMERICA,0.333333333333333
10.1212/WNL.0000000000002249,University of Toronto,60017018,Canada,2016,NORTHERN AMERICA,0.2
10.2500/aap.2017.38.4080,National Reseach Council of Italy (CNR), Institute of Applied Sciences and Intelligent Systems "Eduardo Caianiello",60108660,Italy,2017,WESTERN EUROPE,0.333333333333333
10.1007/s00520-017-3613-z,Vrije Universiteit Brussel,60026810,Belgium,2017,WESTERN EUROPE,0.25
10.1136/bmjopen-2015-008027,Stanford University,60012708,United States,2016,NORTHERN AMERICA,0.333333333333333
10.1002/bjs.10534,Ommelander Ziekenhuis Groep,108346773,Netherlands,2017,WESTERN EUROPE,0.0238095238095238
10.1111/brv.12210,University of Sydney,60025709,Australia,2016,OCEANIA,0.333333333333333
10.1186/s13063-017-2362-0,Performance Health,120004921,United States,2017,NORTHERN AMERICA,0.5
10.1200/JCO.2017.73.1257,University of Sydney,60004437,Australia,2017,OCEANIA,0.142857142857143
10.3233/JAD-161105,Ospedale Policlinico,60060733,Italy,2017,WESTERN EUROPE,0.2
10.1016/j.transci.2017.09.007,Mazandaran University of Medical Sciences,60017810,Iran,2017,ASIA (EX. NEAR EAST),0.333333333333333
10.1007/s10103-016-2077-6,Goethe-Universität Frankfurt am Main,60007762,Germany,2017,WESTERN EUROPE,0.142857142857143
10.1002/dmrr.2705,Maastricht University,60007895,Netherlands,2016,WESTERN EUROPE,0.0555555555555556
10.1016/j.jpsychires.2016.08.004,Hospital de Clinicas de Porto Alegre,60014120,Brazil,2016,LATIN AMER. & CARIB,0.2
10.1186/s12913-017-2374-1,Tabriz University of Medical Sciences,60031210,Iran,2017,ASIA (EX. NEAR EAST),0.5
10.1016/j.jclinepi.2016.08.004,University of Helsinki,60016987,Finland,2017,WESTERN EUROPE,0.03125
10.1542/peds.2016-2454,University of Washington,60001212,United States,2017,NORTHERN AMERICA,0.166666666666667
10.1371/journal.pone.0149168,Universidad de Granada,60027844,Spain,2016,WESTERN EUROPE,0.5
10.1186/s12916-016-0690-7,University of Paris V - Paris Descartes,60028950,France,2016,WESTERN EUROPE,0.0833333333333333
10.3389/fphys.2017.00952,China Academy of Chinese Medical Sciences,60103284,China,2017,ASIA (EX. NEAR EAST),0.25
10.1016/j.jacl.2017.06.001,Instytut Centrum Zdrowia Matki Polki,60072260,Poland,2017,EASTERN EUROPE,0.0909090909090909
10.5603/GP.a2017.0083,University of Toronto,60006894,Canada,2017,NORTHERN AMERICA,0.5
10.1097/JCP.0000000000000767,King's College London,60029685,United Kingdom,2017,WESTERN EUROPE,0.142857142857143
10.1007/s00167-014-3393-7,University of Pittsburgh,60015543,United States,2016,NORTHERN AMERICA,0.166666666666667
10.1016/j.adaj.2016.12.022,NA,NA,NA,2017,NA,1
10.1186/s13643-017-0453-3,Centre de formation médicale du Nouveau-Brunswick,109412732,Canada,2017,NORTHERN AMERICA,0.0555555555555556
10.23736/S0393-2249.17.02864-8,University of California, San Diego,60110665,United States,2017,NORTHERN AMERICA,0.142857142857143
10.1136/bmjopen-2015-008195,Stellenbosch University,60001565,South Africa,2016,SUB-SAHARAN AFRICA,0.5
10.1016/j.berh.2017.04.002,Hunter New England Population Health,107893021,Australia,2016,OCEANIA,0.125
10.1186/s13063-017-1936-1,La Trobe University,60006925,Australia,2017,OCEANIA,0.25
10.1108/SCM-01-2017-0040,Federal University of Rio Grande do Sul - UFRGS,60006726,Brazil,2017,LATIN AMER. & CARIB,0.333333333333333
10.1136/bmjopen-2015-008988,Imperial College London,60015150,United Kingdom,2016,WESTERN EUROPE,0.5
10.1159/000445548,Southern Medical University,60002593,China,2016,ASIA (EX. NEAR EAST),1
10.2188/jea.JE20150233,Nara Medical University,60013473,Japan,2016,ASIA (EX. NEAR EAST),1
10.1097/MD.0000000000004673,University of Washington,60015481,United States,2016,NORTHERN AMERICA,0.2
10.1111/cdoe.12296,University of Minnesota System,60029445,United States,2017,NORTHERN AMERICA,0.5
10.1186/s13613-016-0226-5,Hôpital Delafontaine,60029695,France,2017,WESTERN EUROPE,0.125
10.1155/2017/7532702,University of Texas at Austin,60013372,United States,2017,NORTHERN AMERICA,0.25
10.2174/1871527316666170413110605,UCSF,60031970,United States,2017,NORTHERN AMERICA,0.125
10.1016/j.jad.2016.07.044,University of Calgary,60002306,Canada,2016,NORTHERN AMERICA,0.5
10.1080/09540121.2016.1271102,McGill University,60002494,Canada,2017,NORTHERN AMERICA,0.25
10.1016/j.arr.2017.03.005,Université Paul Sabatier,60027245,France,2017,WESTERN EUROPE,0.0217391304347826
10.1177/1362361315616002,McMaster University,60031828,Canada,2016,NORTHERN AMERICA,0.333333333333333
10.1363/psrh.12000,Organisation Mondiale de la Sante,60027142,Switzerland,2016,WESTERN EUROPE,0.1
10.1016/j.jclinane.2017.01.017,University of Toronto,60021600,Canada,2017,NORTHERN AMERICA,0.333333333333333
10.1007/s11695-016-2442-3,Our Lady Hospital - Amsterdam,60022969,Netherlands,2017,WESTERN EUROPE,0.125
10.1016/j.ijantimicag.2017.03.012,Columbia University,60030162,United States,2017,NORTHERN AMERICA,0.5
10.1089/neu.2016.4735,University of Cambridge,60031101,United Kingdom,2017,WESTERN EUROPE,0.5
10.1160/TH16-06-0450,Università degli Studi di Napoli Federico II,60017293,Italy,2017,WESTERN EUROPE,0.333333333333333
10.1016/j.neubiorev.2017.07.004,McMaster's Department of Psychiatry and Behavioral Neurosciences,106983838,Canada,2017,NORTHERN AMERICA,0.0833333333333333
10.1016/j.profnurs.2017.03.003,University of Huddersfield,60032343,United Kingdom,2017,WESTERN EUROPE,0.5
10.1016/j.ejogrb.2016.10.044,University Hospital of Ghent,60068590,Belgium,2017,WESTERN EUROPE,0.142857142857143
10.1002/wps.20387,Technical University of Munich,60019722,Germany,2017,WESTERN EUROPE,0.0714285714285714
10.1089/cap.2015.0097,Yeshiva University,60020804,United States,2016,NORTHERN AMERICA,0.142857142857143
10.1097/MD.0000000000004739,463 Hospital of Chinese PLA,60082528,China,2016,ASIA (EX. NEAR EAST),1
10.1016/j.maturitas.2016.11.006,Consiglio Nazionale delle Ricerche,60021199,Italy,2017,WESTERN EUROPE,0.0833333333333333
10.1016/j.jad.2016.06.051,University of Tasmania,60015356,Australia,2016,OCEANIA,0.5
10.3389/fnagi.2017.00300,Shenyang General Hospital of PLA,60073662,China,2017,ASIA (EX. NEAR EAST),0.5
10.1016/j.joca.2015.09.004,University of East Anglia,60000112,United Kingdom,2016,WESTERN EUROPE,0.125
10.1111/ane.12625,Hospital of Sandomierz,110112635,Poland,2017,EASTERN EUROPE,0.25
10.1159/000448991,Université Paris Est (UPEC),117632621,Germany,2016,WESTERN EUROPE,0.333333333333333
10.1002/pds.4188,National University of Ireland, Galway,60008539,Ireland,2017,WESTERN EUROPE,0.25
10.1097/IMI.0000000000000271,Harvard University,60029929,United States,2016,NORTHERN AMERICA,0.5
10.1038/srep30437,Atlanta VA Medical Center,60105810,United States,2016,NORTHERN AMERICA,0.333333333333333
10.1016/j.phrs.2017.05.022,University of Perugia,60003003,Italy,2017,WESTERN EUROPE,0.166666666666667
10.1155/2016/2408645,Beijing University of Chinese Medicine,60016424,China,2016,ASIA (EX. NEAR EAST),0.25
10.1007/s10877-015-9757-9,University of California, Irvine,60007278,United States,2016,NORTHERN AMERICA,0.2
10.1186/s40360-017-0126-9,Guangxi Medical University,60002821,China,2017,ASIA (EX. NEAR EAST),0.5
10.1016/j.jad.2016.03.034,Zucker Hillside Hospital,60020942,United States,2016,NORTHERN AMERICA,0.0769230769230769
10.1111/jan.13392,Macmillian Cancer Support,119786223,United Kingdom,2017,WESTERN EUROPE,0.0384615384615385
10.1016/j.spinee.2017.06.018,Maastricht University,60007895,Netherlands,2017,WESTERN EUROPE,0.166666666666667
10.5546/aap.2016.120,National Autonomous University of Honduras,60072883,Honduras,2016,LATIN AMER. & CARIB,0.166666666666667
10.3349/ymj.2016.57.5.1260,Chung-Ang University,60008072,South Korea,2016,ASIA (EX. NEAR EAST),0.5
10.1186/s13643-017-0666-5,Federal University of Rio Grande do Norte - UFRN,60023857,Brazil,2017,LATIN AMER. & CARIB,1
10.1371/journal.pone.0184199,Royal Canin Research Center,100362665,France,2017,WESTERN EUROPE,0.25
10.1007/s00330-017-4785-0,McMaster University,60026748,Canada,2017,NORTHERN AMERICA,0.333333333333333
10.1111/zph.12314,Technical University of Denmark,60011373,Denmark,2016,WESTERN EUROPE,0.0384615384615385
10.1016/j.jpsychores.2017.01.010,CASE,60006404,United States,2017,NORTHERN AMERICA,0.25
10.1186/s12877-017-0575-4,Health Innovation Manchester,60111801,United Kingdom,2017,WESTERN EUROPE,0.1
10.1016/j.phrs.2015.12.001,University of Palermo,60017697,Italy,2016,WESTERN EUROPE,0.0416666666666667
10.1038/ajg.2016.54,Hospital Universitario de la Princesa,60024257,Spain,2016,WESTERN EUROPE,1
10.1097/WNP.0000000000000249,Ospedale Niguarda, Milan,60015708,Italy,2016,WESTERN EUROPE,0.25
10.1016/j.jse.2016.12.069,University of South Carolina,60006281,United States,2017,NORTHERN AMERICA,0.5
10.7748/nr.23.4.24.s6,University of Technology, Sydney,60023932,Australia,2016,OCEANIA,0.166666666666667
10.1093/ije/dyx202,Lazio Regional Health Service,116531727,Italy,2017,WESTERN EUROPE,0.0833333333333333
10.1097/EJA.0000000000000510,Koge Sygehus,60023996,Denmark,2016,WESTERN EUROPE,0.25
10.1016/S2215-0366(16)30047-5,King's College London,60011520,United Kingdom,2016,WESTERN EUROPE,0.5
10.1186/s12879-016-1645-5,Kunming Medical University,60013602,China,2016,ASIA (EX. NEAR EAST),0.25
10.1007/s10096-016-2647-3,BioMerieux SA,60020383,France,2016,WESTERN EUROPE,0.2
10.1080/00016357.2016.1236986,Universidade Federal de Minas Gerais,60030074,Brazil,2016,LATIN AMER. & CARIB,0.5
10.1111/joor.12465,Malmo University,60063782,Sweden,2017,WESTERN EUROPE,0.333333333333333
10.1016/j.jaci.2016.11.037,Seoul National University,60000656,South Korea,2017,ASIA (EX. NEAR EAST),0.111111111111111
10.1186/s13012-017-0659-8,Newcastle University,60006222,United Kingdom,2017,WESTERN EUROPE,0.25
10.1097/MD.0000000000004947,Capital Medical University,60026707,China,2016,ASIA (EX. NEAR EAST),0.5
10.5546/aap.2017.eng.241,Universidad de la Frontera,60012035,Chile,2017,LATIN AMER. & CARIB,0.0666666666666667
10.1016/j.jsams.2015.10.006,University of Wollongong,60011664,Australia,2016,OCEANIA,0.333333333333333
10.1016/S2214-109X(17)30298-X,University of Liverpool,60020661,United Kingdom,2017,WESTERN EUROPE,0.2
10.1002/ccd.27041,University of Utah,60025488,United States,2017,NORTHERN AMERICA,0.125
10.1186/s13643-016-0203-y,NHS Foundation Trust,60029204,UK,2016,WESTERN EUROPE,0.333333333333333
10.2147/JPR.S118669,National Taiwan University,60025370,Taiwan,2016,ASIA (EX. NEAR EAST),0.5
10.1016/j.gie.2016.09.022,Humanitas Research Hospital,60024876,Italy,2017,WESTERN EUROPE,0.166666666666667
10.1001/jamapsychiatry.2016.3459,Norwegian University of Science and Technology,60013141,Norway,2017,WESTERN EUROPE,0.125
10.1097/MD.0000000000002759,University of Alberta,60030835,Canada,2016,NORTHERN AMERICA,0.2
10.1111/obr.12383,Sorbonne Universite,60001422,France,2016,WESTERN EUROPE,0.0833333333333333
10.1111/jocn.13605,Xiangya Hospital of Central-south University,60082821,China,2017,ASIA (EX. NEAR EAST),0.333333333333333
10.1016/j.jor.2016.06.019,University of Tennessee, Chattanooga,60025245,United States,2016,NORTHERN AMERICA,1
10.1002/14651858.CD012183,University of Copenhagen,60015199,Denmark,2016,WESTERN EUROPE,0.166666666666667
10.1371/journal.pone.0166455,Università degli Studi di Messina,60011576,Italy,2016,WESTERN EUROPE,0.5
10.1002/wps.20420,Hofstra Northwell,60107658,United States,2017,NORTHERN AMERICA,0.0625
10.1016/j.euroneuro.2016.11.008,Veterans General Hospital-Taichung Taiwan,60006121,Taiwan,2017,ASIA (EX. NEAR EAST),0.125
10.1371/journal.pmed.1002056,Bill and Melinda Gates Foundation,60022241,United States,2016,NORTHERN AMERICA,0.0625
10.18632/oncotarget.19928,Radboud University,60002573,Netherlands,2017,WESTERN EUROPE,0.333333333333333
10.1097/MD.0000000000004598,Jeju National University,60023353,South Korea,2016,ASIA (EX. NEAR EAST),0.25
10.1161/STROKEAHA.115.011955,Santa Maria Hospital, Lisbon,60021007,Portugal,2016,WESTERN EUROPE,0.333333333333333
10.1002/erv.2514,University of Tübingen,60022653,Germany,2017,WESTERN EUROPE,0.111111111111111
10.1001/jamaoto.2016.4274,Hsiao Chung-Cheng Hospital,106544332,Taiwan,2017,ASIA (EX. NEAR EAST),0.25
10.1111/jcmm.12896,Qiqihar Medical College,60031651,China,2016,ASIA (EX. NEAR EAST),0.5
10.1016/j.cpr.2016.01.002,Aarhus University Hospital,60023882,Denmark,2016,WESTERN EUROPE,0.166666666666667
10.1016/S2468-1253(17)30252-2,University of North Carolina, Chapel Hill,60025111,United States,2017,NORTHERN AMERICA,0.0344827586206897
10.1093/ehjci/jev283,NA,106634154,Italy,2016,WESTERN EUROPE,0.111111111111111
10.12968/jowc.2017.26.1.20,Københavns Universitet,60030840,Denmark,2017,WESTERN EUROPE,0.0769230769230769
10.1371/journal.pone.0181156,UNAIDS,60009752,Switzerland,2017,WESTERN EUROPE,0.111111111111111
10.1016/j.jmpt.2016.10.004,University of Alcalá,60027800,Spain,2017,WESTERN EUROPE,0.25
10.1371/journal.pone.0180795,Umeå Universitet,60031040,Sweden,2017,WESTERN EUROPE,1
10.18632/oncotarget.21899,Hallym University,60006034,South Korea,2017,ASIA (EX. NEAR EAST),0.5
10.18632/oncotarget.18233,Southern Medical University,60002593,China,2017,ASIA (EX. NEAR EAST),0.5
10.1016/j.crad.2017.04.014,Guy's and St Thomas' NHS Foundation Trust,60005518,UK,2017,WESTERN EUROPE,0.0625
10.1016/j.ijsu.2016.07.077,Nanjing University,60004667,China,2016,ASIA (EX. NEAR EAST),0.333333333333333
10.18632/oncotarget.19856,China-Japan Friendship Hospital,60013449,China,2017,ASIA (EX. NEAR EAST),0.333333333333333
10.1111/1471-0528.14143,Global Alliance to Prevent Prematurity and Stillbirth,108289026,United States,2017,NORTHERN AMERICA,0.0357142857142857
10.1136/jnnp-2017-315985,University of Queensland,60031004,Australia,2017,OCEANIA,0.333333333333333
10.1007/s00404-016-4108-8,ATS Sardegna, ASSL Nuoro Ospedale San Francesco,60108829,Italy,2016,WESTERN EUROPE,0.25
10.3390/nu9121313,University of Sydney,60025709,Australia,2017,OCEANIA,0.2
10.1371/journal.pone.0150120,University of Bergen,60029622,Norway,2016,WESTERN EUROPE,0.5
10.1089/thy.2016.0168,University of Catania,60010146,Italy,2016,WESTERN EUROPE,0.25
10.1111/1756-185X.13051,Columbia University,60011605,United States,2017,NORTHERN AMERICA,0.333333333333333
10.1007/s11606-016-3886-9,ACT Center of Indiana,100614078,United States,2017,NORTHERN AMERICA,0.333333333333333
10.1016/j.tube.2017.01.002,NA,116607253,Italy,2017,WESTERN EUROPE,0.0909090909090909
10.1007/s12253-016-0150-x,Shahid Beheshti University of Medical Sciences,60018934,Iran,2017,ASIA (EX. NEAR EAST),1
10.1186/s13643-016-0209-5,Universität Freiburg im Breisgau,60025641,Germany,2016,WESTERN EUROPE,0.5
10.1177/1753193417692506,Robert Jones and Agnes Hunt Orthopaedic and District Hospital NHS Trust,60024568,UK,2017,WESTERN EUROPE,0.5
10.5312/wjo.v8.i2.192,University of Indonesia, RSUPN Dr. Cipto Mangunkusumo,60069378,Indonesia,2017,ASIA (EX. NEAR EAST),0.5
10.1016/j.jpsychires.2017.02.009,Barts and The London School of Medicine and Dentistry,60021435,United Kingdom,2017,WESTERN EUROPE,0.5
10.1016/j.chiabu.2017.02.041,National University Corporation Shizuoka University,60103680,Japan,2017,ASIA (EX. NEAR EAST),0.2
10.1016/j.neubiorev.2016.11.012,University of Wollongong,60011664,Australia,2017,OCEANIA,1
10.1136/heartjnl-2016-310886,New York Medical College,60029961,United States,2017,NORTHERN AMERICA,0.333333333333333
10.1016/j.eururo.2017.02.026,European Association of Urology Guidelines Office,117065999,Belgium,2017,WESTERN EUROPE,0.0416666666666667
10.1016/j.ygyno.2016.11.044,Hospital Federal dos Servidores do Estado,112600500,Brazil,2017,LATIN AMER. & CARIB,0.333333333333333
10.1016/j.ajodo.2015.10.019,Alma Mater Studiorum Università di Bologna,60028218,Italy,2016,WESTERN EUROPE,0.25
10.1371/journal.pone.0165861,Nanjing Agricultural University,60024045,China,2016,ASIA (EX. NEAR EAST),1
10.1136/bmjopen-2017-015931,Universite du Quebec en Abitibi-Temiscamingue,60003127,Canada,2017,NORTHERN AMERICA,0.2
10.1186/s12885-017-3651-4,University of Melbourne,60005087,Australia,2017,OCEANIA,0.142857142857143
10.1159/000455241,St. Antonius Ziekenhuis,60025865,Netherlands,2017,WESTERN EUROPE,1
10.1080/07481187.2015.1128497,University of New South Wales,60028333,Australia,2016,OCEANIA,1
10.1016/j.amjsurg.2017.04.014,VA Medical Center,60014232,United States,2017,NORTHERN AMERICA,0.25
10.1016/j.annemergmed.2017.01.009,Keck School of Medicine of USC,60015183,United States,2017,NORTHERN AMERICA,0.333333333333333
10.1111/dmcn.13105,Duquesne University,60012641,United States,2016,NORTHERN AMERICA,0.142857142857143
10.1186/s13049-016-0320-6,University of Turku,60025765,Finland,2016,WESTERN EUROPE,0.1
10.1093/ptj/pzx082,University of Teesside,60025655,United Kingdom,2017,WESTERN EUROPE,0.142857142857143
10.1097/MD.0000000000005107,Anhui University of Chinese Medicine,60021070,China,2016,ASIA (EX. NEAR EAST),0.25
10.1002/nau.23213,ETH Zurich,60025858,Switzerland,2017,WESTERN EUROPE,0.0909090909090909
10.1017/S0144686X15000902,University of Manitoba,60009697,Canada,2016,NORTHERN AMERICA,0.333333333333333
10.1186/s12871-016-0241-y,University of Malawi,60072664,Malawi,2016,SUB-SAHARAN AFRICA,0.5
10.1186/s13063-017-2327-3,University of British Columbia,60010365,Canada,2017,NORTHERN AMERICA,0.0833333333333333
10.1186/s12893-017-0208-z,University of Melbourne,60003292,Australia,2017,OCEANIA,0.5
10.1097/JCN.0000000000000379,Auburn University,60011754,United States,2017,NORTHERN AMERICA,0.166666666666667
10.1016/j.eplepsyres.2016.01.001,Zhejiang Chinese Medical University,60082198,China,2016,ASIA (EX. NEAR EAST),0.5
10.1007/s11764-017-0637-9,Chung-Ang University,60014237,South Korea,2017,ASIA (EX. NEAR EAST),1
10.1089/thy.2016.0100,University of Sheffield,60001881,United Kingdom,2016,WESTERN EUROPE,0.333333333333333
10.1371/journal.pntd.0005781,Drugs for Neglected Diseases initiative,113894370,Kenya,2017,SUB-SAHARAN AFRICA,0.166666666666667
10.1111/coa.12607,University of Pretoria,60021902,South Africa,2016,SUB-SAHARAN AFRICA,0.333333333333333
10.1186/s13054-017-1765-3,Instituto D'Or de Pesquisa e Ensino,60104383,Brazil,2017,LATIN AMER. & CARIB,0.125
10.1136/bmj.j2499,McMaster University,60026748,Canada,2017,NORTHERN AMERICA,0.2
10.1007/s10549-016-4028-0,University of Ottawa,60028897,Canada,2017,NORTHERN AMERICA,0.333333333333333
10.1111/bdi.12358,Ohio State University,60003500,United States,2016,NORTHERN AMERICA,0.25
10.1007/s40279-016-0543-8,Weightology, LLC,114115467,United States,2016,NORTHERN AMERICA,0.333333333333333
10.1016/j.arr.2017.09.003,Radboud University,60002573,Netherlands,2017,WESTERN EUROPE,0.25
10.2147/OTT.S95511,Lishui People’s Hospital,115027837,China,2016,ASIA (EX. NEAR EAST),0.5
10.1016/j.adolescence.2017.05.022,St Louis University,60028590,United States,2017,NORTHERN AMERICA,1
10.1016/j.ijcard.2017.04.015,Azienda Ospedaliera San Gerardo Monza,60014378,Italy,2017,WESTERN EUROPE,0.25
10.1097/MRR.0000000000000169,Hashemite University,60044088,Jordan,2016,NEAR EAST,0.333333333333333
10.1093/cid/cix658,Chinese University of Hong Kong,60002798,China,2017,ASIA (EX. NEAR EAST),0.0588235294117647
10.1093/ageing/afw050,University of Nottingham,60015138,United Kingdom,2016,WESTERN EUROPE,0.25
10.23736/S0375-9393.17.11869-9,NA,105148986,China,2017,ASIA (EX. NEAR EAST),0.5
10.1186/s40200-017-0287-5,International Medical University,60001508,Malaysia,2017,ASIA (EX. NEAR EAST),0.5
10.1213/ANE.0000000000002069,St. Vincent's Hospital Melbourne,60001522,Australia,2017,OCEANIA,0.25
10.1016/j.neubiorev.2016.11.017,Università degli Studi di Padova,60000481,Italy,2017,WESTERN EUROPE,0.0416666666666667
10.1097/MD.0000000000002504,Hubei University of Arts and Science,60073715,China,2016,ASIA (EX. NEAR EAST),0.25
10.2217/cer-2017-0022,Uniwersytet Jagiellonski, Collegium Medicum,60021323,Poland,2017,EASTERN EUROPE,1
10.1093/intqhc/mzx149,National University of Singapore,60017161,Singapore,2017,ASIA (EX. NEAR EAST),0.142857142857143
10.7150/jca.18361,Sun Yat-sen University,60021182,China,2017,ASIA (EX. NEAR EAST),0.5
10.1007/s10151-017-1634-8,Surgical Oncology Unit,118495662,Costa Rica,2017,LATIN AMER. & CARIB,0.25
10.1371/journal.pone.0173107,University of Copenhagen,60015199,Denmark,2017,WESTERN EUROPE,0.2
10.1016/j.arr.2017.01.003,University of Bordeaux,60102125,France,2017,WESTERN EUROPE,0.0166666666666667
10.1259/dmfr.20160329,Federal Institute of Bahia,107137869,Brazil,2017,LATIN AMER. & CARIB,0.333333333333333
10.1007/s00586-015-4353-8,Prince of Wales Private Hospital,60073291,Australia,2017,OCEANIA,0.333333333333333
10.1097/AJP.0000000000000247,University of Ontario Institute of Technology,60002146,Canada,2016,NORTHERN AMERICA,0.1
10.1111/sltb.12308,Thompson Rivers University,60032309,Canada,2017,NORTHERN AMERICA,0.125
10.3389/fneur.2017.00652,University of British Columbia,60010365,Canada,2017,NORTHERN AMERICA,0.0714285714285714
10.1016/j.cpr.2016.02.004,Addiction Switzerland,112664352,Switzerland,2016,WESTERN EUROPE,0.25
10.1080/10428194.2016.1177772,Centre Hospitalier William Morey,115289010,France,2017,WESTERN EUROPE,0.0625
10.1007/s12160-016-9819-3,University of Calgary,60002306,Canada,2016,NORTHERN AMERICA,0.166666666666667
10.1097/JCP.0000000000000767,University of Bristol,60014311,United Kingdom,2017,WESTERN EUROPE,0.142857142857143
10.1055/s-0036-1571336,Yale University,60005455,United States,2016,NORTHERN AMERICA,0.2
10.1038/ajg.2016.234,Maastricht University,60007895,Netherlands,2016,WESTERN EUROPE,0.5
10.3310/hta20290,Northumberland, Tyne and Wear NHS Foundation Trust,60105394,UK,2016,WESTERN EUROPE,0.0833333333333333
10.1038/ejcn.2015.224,Università degli Studi di Roma La Sapienza,60032350,Italy,2016,WESTERN EUROPE,0.166666666666667
10.18632/oncotarget.14173,Henan University of Science and Technology,60073587,China,2017,ASIA (EX. NEAR EAST),1
10.1016/j.jcms.2016.05.016,NA,100799908,Israel,2016,NEAR EAST,0.333333333333333
10.1097/AJP.0000000000000324,University of Warwick,60000064,United Kingdom,2016,WESTERN EUROPE,0.0833333333333333
10.1002/micr.30244,King Abdulaziz University,60004582,Saudi Arabia,2017,NEAR EAST,0.25
10.1016/j.jacep.2015.08.009,University of Oxford,60026851,United Kingdom,2016,WESTERN EUROPE,0.5
10.1016/j.jad.2016.01.003,Miami University,60032706,United States,2016,NORTHERN AMERICA,0.142857142857143
10.1111/ajag.12417,Prince of Wales Hospital,60001801,Australia,2017,OCEANIA,0.5
10.1016/j.maturitas.2017.04.002,Universidad del Pais Vasco,60027856,Spain,2017,WESTERN EUROPE,0.125
10.1053/j.jfas.2017.05.036,West China Hospital of Sichuan University,60073509,China,2017,ASIA (EX. NEAR EAST),1
10.1016/j.arthro.2016.01.055,University of Porto,60007249,Portugal,2016,WESTERN EUROPE,0.125
10.1055/s-0036-1582243,Starship Children's Health,60020518,New Zealand,2016,OCEANIA,0.5
10.3899/jrheum.150460,University of Toronto,60016849,Canada,2016,NORTHERN AMERICA,1
10.1111/obr.12454,Medical College of Georgia,60024399,United States,2016,NORTHERN AMERICA,0.333333333333333
10.1183/13993003.01075-2016,Beth Israel Deaconess Medical Center,60030058,United States,2017,NORTHERN AMERICA,0.2
10.7326/M15-1839,Seven Oaks General Hospital,105297993,Canada,2016,NORTHERN AMERICA,0.333333333333333
10.1016/j.arbres.2017.04.016,Hospital Lucus Augusti,118694882,Spain,2017,WESTERN EUROPE,0.0909090909090909
10.1093/annonc/mdx024,Severance Hospital,60095571,South Korea,2017,ASIA (EX. NEAR EAST),0.125
10.1371/journal.pone.0174586,China Academy of Chinese Medical Sciences,60103284,China,2017,ASIA (EX. NEAR EAST),0.333333333333333
10.1371/journal.pmed.1002203,Organisation Mondiale de la Sante,60027142,Switzerland,2017,WESTERN EUROPE,0.2
10.1016/j.cpr.2016.09.006,University of Minnesota System,60029445,United States,2016,NORTHERN AMERICA,0.166666666666667
10.1002/bjs.10675,Royal Brisbane and Women's Hospital,60028435,Australia,2017,OCEANIA,0.166666666666667
10.1097/TA.0000000000001450,Society of Junior Doctors,107144800,Greece,2017,WESTERN EUROPE,0.125
10.1080/00365521.2017.1326163,Harvard University,60029929,United States,2017,NORTHERN AMERICA,0.111111111111111
10.1016/j.eujim.2017.05.005,Nanjing Medical University,60018310,China,2017,ASIA (EX. NEAR EAST),0.2
10.1016/j.ijcard.2016.11.023,Western Health,60033351,Australia,2017,OCEANIA,0.25
10.1371/journal.pone.0186502,National Center for Child Health and Development,60104703,Japan,2017,ASIA (EX. NEAR EAST),0.125
10.1016/j.ijnurstu.2017.05.010,Sykehuset Telemark,60030955,Norway,2017,WESTERN EUROPE,0.0833333333333333
10.1016/j.surg.2016.12.028,Ain Shams University,60016618,Egypt,2017,NORTHERN AFRICA,0.2
10.1097/MD.0000000000005684,Taipei Medical University,60022095,Taiwan,2017,ASIA (EX. NEAR EAST),0.0769230769230769
10.1016/j.jaac.2016.02.018,Dalhousie University,60015913,Canada,2016,NORTHERN AMERICA,0.333333333333333
10.3389/fpsyt.2016.00209,University of Auckland,60005686,New Zealand,2017,OCEANIA,0.333333333333333
10.1371/journal.pone.0146262,University of Groningen,60010023,Netherlands,2016,WESTERN EUROPE,0.25
10.1111/obr.12408,Universite du Quebec a Trois-Rivieres,60021501,Canada,2016,NORTHERN AMERICA,0.25
10.1001/jamapsychiatry.2015.2313,Chicago School of Professional Psychology,109458114,United States,2016,NORTHERN AMERICA,0.0555555555555556
10.2174/1567201813666160822104813,Taicang First People's Hospital,118500800,China,2017,ASIA (EX. NEAR EAST),0.25
10.1016/j.jpainsymman.2017.04.008,University of Bristol,60020650,United Kingdom,2017,WESTERN EUROPE,0.166666666666667
10.1016/j.jdiacomp.2015.09.006,Careggi Teaching Hospital,109942204,Italy,2016,WESTERN EUROPE,1
10.1080/08927014.2017.1354248,IMED, Passo Fundo,60111064,Brazil,2017,LATIN AMER. & CARIB,0.25
10.1136/bjsports-2016-096760,University of Bath,60030480,United Kingdom,2017,WESTERN EUROPE,0.125
10.1002/nau.23213,Aix-Marseille University,60102127,France,2017,WESTERN EUROPE,0.0909090909090909
10.1016/j.ijcard.2017.02.022,University of Exeter,60026479,United Kingdom,2017,WESTERN EUROPE,0.5
10.3310/hta20880,University of Cambridge,60016390,United Kingdom,2016,WESTERN EUROPE,0.0526315789473684
10.1155/2017/6083629,Swinburne University of Technology,60030804,Australia,2017,OCEANIA,0.125
10.1093/ejo/cjv012,Dubai School of Dental Medicine,113775497,United Arab Emirates,2016,NEAR EAST,0.166666666666667
10.1111/add.13957,Monash University,60019578,Australia,2017,OCEANIA,0.142857142857143
10.5312/wjo.v8.i5.424,VieCuri Medisch Centrum voor Noord-Limburg,60102262,Netherlands,2017,WESTERN EUROPE,1
10.1111/obr.12425,South Australian Health and Medical Research Institute,60108899,Australia,2016,OCEANIA,0.5
10.1371/journal.pone.0160809,McGill University,60002494,Canada,2016,NORTHERN AMERICA,0.333333333333333
10.1542/peds.2015-4089,McMaster University,60031828,Canada,2016,NORTHERN AMERICA,0.2
10.1111/jth.13709,Hôpital Cantonal de Fribourg,60031351,Switzerland,2017,WESTERN EUROPE,0.333333333333333
